                  epoch,         train/box_loss,         train/seg_loss,         train/cls_loss,         train/dfl_loss,   metrics/precision(B),      metrics/recall(B),       metrics/mAP50(B),    metrics/mAP50-95(B),   metrics/precision(M),      metrics/recall(M),       metrics/mAP50(M),    metrics/mAP50-95(M),           val/box_loss,           val/seg_loss,           val/cls_loss,           val/dfl_loss,                 lr/pg0,                 lr/pg1,                 lr/pg2
                      1,                 1.1401,                 1.7003,                 3.9757,                0.90583,                0.06236,                0.26939,                0.07607,                0.03668,                0.06745,                0.34457,                0.08422,                0.04534,                0.89893,                 1.3379,                 4.1362,                0.82953,                 0.0003,                 0.0003,                 0.0003
                      2,                 1.0093,                 1.1809,                 3.0478,                0.84698,                0.05864,                0.37253,                 0.1101,                0.05333,                0.06359,                0.43386,                0.11934,                0.05833,                0.81497,                 1.0568,                 4.0516,                0.81814,             0.00059792,             0.00059792,             0.00059792
                      3,                0.90883,                 1.0253,                  1.995,                0.83441,                0.07513,                0.55094,                0.33262,                0.24535,                0.07771,                0.59052,                0.33924,                 0.2264,                0.74568,                0.89925,                 3.5057,                0.81659,             0.00088357,             0.00088357,             0.00088357
                      4,                0.87903,                 1.0346,                 1.4149,                0.83563,                0.76426,                0.43405,                0.71727,                0.57596,                0.76161,                 0.4316,                0.71706,                0.47387,                0.68015,                0.83453,                  2.272,                0.81485,              0.0009406,              0.0009406,              0.0009406
                      5,                0.81776,                0.97081,                  1.209,                0.82701,                0.68885,                0.72778,                0.76678,                0.63411,                0.68726,                0.72625,                0.76518,                0.49265,                0.65659,                0.79503,                 1.3671,                0.81049,              0.0009208,              0.0009208,              0.0009208
                      6,                0.74067,                0.90347,                 1.0559,                0.82367,                0.73202,                0.80919,                0.83631,                0.70431,                0.73091,                0.80829,                0.83553,                0.58517,                0.62073,                0.73889,                0.93773,                0.80624,               0.000901,               0.000901,               0.000901
                      7,                0.71612,                0.85898,                0.93556,                0.82012,                0.87542,                0.84531,                0.91999,                0.78997,                0.87528,                0.84448,                0.91903,                0.62585,                0.57922,                0.68801,                0.77129,                0.80056,              0.0008812,              0.0008812,              0.0008812
                      8,                0.68593,                0.82669,                0.84376,                0.81488,                0.93166,                0.91465,                0.96006,                0.84316,                0.93105,                0.91413,                0.96022,                0.64791,                0.52689,                0.65108,                0.67853,                0.79521,              0.0008614,              0.0008614,              0.0008614
                      9,                0.65529,                0.80817,                0.76952,                0.81193,                0.95496,                0.92699,                0.97338,                0.85579,                 0.9539,                0.92588,                0.97197,                0.65548,                0.51909,                 0.6573,                0.63121,                0.79393,              0.0008416,              0.0008416,              0.0008416
                     10,                0.62753,                0.76406,                0.71929,                0.80845,                0.94734,                0.94691,                0.98024,                0.84957,                0.94699,                0.94659,                0.98055,                0.69094,                0.55167,                0.63584,                0.60725,                0.79609,              0.0008218,              0.0008218,              0.0008218
                     11,                0.63315,                0.75626,                0.69183,                0.80914,                0.95705,                0.95767,                0.98647,                 0.8647,                0.95636,                0.95696,                0.98621,                0.70437,                0.53015,                0.64532,                0.58158,                0.79447,               0.000802,               0.000802,               0.000802
                     12,                0.61676,                0.74857,                0.66394,                0.80818,                0.94685,                0.96913,                0.98471,                0.86075,                0.94577,                0.96801,                0.98351,                0.63456,                0.53427,                0.80663,                0.56897,                0.79476,              0.0007822,              0.0007822,              0.0007822
                     13,                0.63551,                 0.7746,                0.65856,                0.80967,                0.95193,                0.97209,                0.98467,                0.86669,                0.95141,                0.97158,                0.98513,                0.68307,                0.51522,                0.66521,                0.54954,                0.79405,              0.0007624,              0.0007624,              0.0007624
                     14,                0.60886,                0.73262,                0.63195,                0.80628,                0.95886,                0.97691,                0.98925,                0.88778,                0.95797,                0.97599,                0.98865,                0.67984,                0.47233,                0.61323,                 0.5188,                0.79099,              0.0007426,              0.0007426,              0.0007426
                     15,                0.60135,                0.74654,                 0.6198,                0.80643,                0.96352,                0.97933,                 0.9878,                 0.8871,                0.96321,                0.97901,                0.98806,                0.69671,                 0.4776,                0.61696,                0.51505,                 0.7905,              0.0007228,              0.0007228,              0.0007228
                     16,                0.56079,                0.70639,                0.58637,                0.80384,                0.97015,                0.97477,                0.99088,                0.88199,                0.97004,                0.97466,                0.99121,                 0.7075,                0.49798,                0.61235,                0.51638,                0.79262,               0.000703,               0.000703,               0.000703
                     17,                0.56808,                0.69106,                0.58107,                0.80346,                0.97285,                0.97254,                0.99152,                0.89203,                0.97192,                0.97162,                0.99071,                0.66943,                0.45941,                0.59424,                0.49711,                 0.7907,              0.0006832,              0.0006832,              0.0006832
                     18,                0.55309,                0.67931,                0.56293,                0.80418,                0.97614,                0.97505,                0.99042,                0.89451,                0.97461,                0.97353,                0.98954,                0.67636,                0.44908,                0.59768,                0.47911,                0.78796,              0.0006634,              0.0006634,              0.0006634
                     19,                0.53853,                0.66951,                0.54872,                0.80198,                 0.9803,                 0.9769,                0.99207,                0.90458,                0.97899,                0.97559,                0.99141,                0.68572,                0.43446,                0.56323,                0.47301,                 0.7866,              0.0006436,              0.0006436,              0.0006436
                     20,                0.54498,                0.66392,                0.54589,                 0.8011,                0.97662,                0.98081,                0.99208,                0.90258,                0.97653,                0.98069,                0.99213,                0.70862,                0.44148,                0.56791,                0.46788,                0.78881,              0.0006238,              0.0006238,              0.0006238
                     21,                 0.5113,                0.64104,                 0.5256,                0.80159,                0.97564,                0.97662,                 0.9913,                0.90269,                0.97492,                 0.9759,                0.99066,                0.70834,                   0.43,                0.54484,                0.46827,                0.78756,               0.000604,               0.000604,               0.000604
                     22,                0.51417,                0.64409,                0.52264,                0.80061,                0.97142,                0.97668,                0.98392,                0.90079,                0.97108,                0.97636,                0.98409,                0.69596,                0.41803,                0.53934,                  0.456,                0.78628,              0.0005842,              0.0005842,              0.0005842
                     23,                0.49843,                0.62658,                0.50338,                0.79617,                0.97912,                0.97508,                0.99195,                0.89756,                0.97857,                0.97421,                0.99171,                0.67528,                0.43771,                0.59939,                0.45594,                0.78926,              0.0005644,              0.0005644,              0.0005644
                     24,                0.50339,                0.63365,                0.50355,                0.79858,                0.97643,                 0.9837,                0.99221,                0.91041,                0.97539,                 0.9824,                0.99104,                0.70471,                0.41752,                0.54338,                0.44388,                0.78702,              0.0005446,              0.0005446,              0.0005446
                     25,                 0.5108,                0.63668,                0.50553,                0.79822,                 0.9816,                0.98365,                0.99317,                0.90708,                0.98076,                0.98278,                0.99264,                0.68253,                0.41199,                0.57582,                0.43491,                0.78583,              0.0005248,              0.0005248,              0.0005248
                     26,                0.49853,                0.62185,                0.48622,                 0.7993,                 0.9795,                0.98477,                0.99324,                0.91547,                0.97844,                0.98371,                0.99198,                0.70465,                0.39831,                0.52166,                0.42914,                0.78499,               0.000505,               0.000505,               0.000505
                     27,                0.48545,                0.61676,                0.48535,                 0.7971,                0.98185,                0.98116,                0.99308,                0.91521,                0.98093,                0.98024,                0.99224,                0.70832,                0.39926,                 0.5334,                0.42881,                0.78568,              0.0004852,              0.0004852,              0.0004852
                     28,                0.49032,                0.59912,                0.47986,                 0.7968,                0.98046,                0.98407,                  0.993,                0.90903,                0.97916,                0.98276,                0.99203,                0.72247,                0.41819,                0.51976,                0.43344,                 0.7855,              0.0004654,              0.0004654,              0.0004654
                     29,                0.50033,                0.60873,                0.48593,                0.79587,                 0.9804,                0.98028,                0.99283,                0.91633,                0.97988,                0.97976,                0.99261,                0.70321,                0.39272,                0.52703,                0.41986,                0.78418,              0.0004456,              0.0004456,              0.0004456
                     30,                0.47705,                0.59682,                0.47072,                0.79518,                 0.9838,                0.98413,                0.99338,                0.92121,                0.98348,                0.98381,                0.99321,                0.71146,                0.38479,                  0.525,                0.41153,                0.78401,              0.0004258,              0.0004258,              0.0004258
                     31,                0.47797,                0.59703,                0.47413,                0.79684,                 0.9809,                0.98345,                0.99357,                0.91219,                0.97997,                0.98252,                0.99223,                0.69361,                0.39948,                0.55493,                0.42842,                 0.7847,               0.000406,               0.000406,               0.000406
                     32,                0.49227,                0.61206,                0.47332,                0.79572,                0.98094,                0.98136,                0.99282,                0.91979,                0.98082,                0.98124,                0.99294,                0.71505,                0.39236,                 0.5277,                0.41754,                0.78408,              0.0003862,              0.0003862,              0.0003862
                     33,                0.47861,                0.59982,                0.46534,                0.79494,                0.98309,                0.98597,                0.99322,                0.92123,                0.98331,                0.98575,                0.99343,                0.71602,                0.38973,                0.54065,                0.41563,                0.78291,              0.0003664,              0.0003664,              0.0003664
                     34,                0.46773,                 0.5957,                0.46395,                0.79446,                0.98314,                0.98495,                 0.9934,                0.92411,                0.98243,                0.98418,                0.99276,                0.70572,                0.38195,                0.50888,                0.40939,                0.78325,              0.0003466,              0.0003466,              0.0003466
                     35,                0.46661,                0.57905,                0.45742,                0.79487,                0.97957,                0.98703,                0.99333,                0.92366,                0.97872,                0.98617,                0.99305,                0.70619,                0.38276,                0.53139,                0.40448,                 0.7837,              0.0003268,              0.0003268,              0.0003268
                     36,                 0.4541,                0.56648,                0.45038,                0.79418,                0.98376,                0.98821,                0.99309,                0.92362,                 0.9829,                0.98735,                 0.9927,                0.70443,                0.37607,                0.53319,                0.40371,                0.78351,               0.000307,               0.000307,               0.000307
                     37,                0.45782,                0.57813,                0.45508,                0.79602,                0.98128,                0.98132,                0.99271,                0.92378,                0.98158,                0.98119,                0.99256,                0.71256,                0.37458,                0.49701,                0.40441,                0.78281,              0.0002872,              0.0002872,              0.0002872
                     38,                0.44928,                 0.5682,                0.44923,                0.79284,                0.98547,                0.98073,                0.99287,                0.92518,                0.98495,                0.98022,                0.99263,                0.70854,                0.36898,                0.49433,                0.40019,                0.78164,              0.0002674,              0.0002674,              0.0002674
                     39,                0.44861,                 0.5583,                0.44457,                0.79303,                0.98699,                0.98446,                 0.9938,                0.92515,                0.98688,                0.98434,                0.99375,                0.71426,                0.36755,                0.50609,                0.39563,                0.78163,              0.0002476,              0.0002476,              0.0002476
                     40,                0.44216,                0.55713,                0.43953,                0.79305,                0.98277,                0.98796,                 0.9933,                0.92736,                0.98118,                0.98623,                0.99234,                0.70996,                0.36537,                0.49876,                0.39215,                 0.7821,              0.0002278,              0.0002278,              0.0002278
                     41,                0.44189,                0.57543,                0.47546,                0.78592,                0.98001,                0.98519,                0.99226,                0.92242,                0.98022,                0.98488,                0.99233,                0.71158,                 0.3804,                0.51837,                 0.4167,                0.78143,               0.000208,               0.000208,               0.000208
                     42,                0.42229,                0.53842,                0.44079,                0.78572,                0.98015,                0.98828,                0.99328,                0.91934,                0.98018,                0.98713,                0.99314,                0.70185,                0.38486,                0.51343,                0.41618,                  0.782,              0.0001882,              0.0001882,              0.0001882
                     43,                0.41364,                0.53893,                0.43076,                0.78559,                0.98725,                0.98122,                0.99343,                0.92437,                0.98693,                 0.9809,                0.99335,                0.70968,                0.37574,                0.50739,                0.40357,                0.78117,              0.0001684,              0.0001684,              0.0001684
                     44,                0.40933,                0.52908,                0.42312,                0.78564,                0.98533,                0.98281,                0.99344,                0.92455,                0.98478,                0.98236,                0.99293,                0.69976,                0.37962,                0.50733,                0.40257,                0.78164,              0.0001486,              0.0001486,              0.0001486
                     45,                 0.4055,                0.52532,                0.42356,                0.78601,                0.98475,                0.98523,                0.99373,                0.92966,                0.98402,                 0.9845,                0.99287,                0.70693,                0.36316,                0.48877,                0.39601,                0.78077,              0.0001288,              0.0001288,              0.0001288
                     46,                0.39477,                0.52011,                0.41205,                0.78547,                0.98679,                0.98589,                0.99324,                 0.9311,                0.98605,                0.98517,                0.99263,                0.71452,                0.36104,                0.48214,                0.38629,                 0.7809,               0.000109,               0.000109,               0.000109
                     47,                0.39658,                0.51495,                0.41136,                0.78495,                0.98405,                0.98752,                0.99294,                0.92974,                0.98309,                0.98616,                0.99222,                0.71955,                0.35993,                0.48142,                0.38417,                0.78029,               8.92e-05,               8.92e-05,               8.92e-05
                     48,                0.38638,                0.51271,                0.40728,                0.78392,                0.98767,                0.98374,                0.99339,                0.93082,                0.98714,                0.98322,                0.99296,                0.71888,                0.35871,                0.48292,                0.38058,                0.78068,               6.94e-05,               6.94e-05,               6.94e-05
                     49,                0.38119,                0.50397,                0.40165,                0.78441,                 0.9875,                0.98362,                0.99337,                0.93186,                0.98677,                 0.9829,                0.99299,                0.71804,                0.35456,                0.47626,                0.37947,                0.78023,               4.96e-05,               4.96e-05,               4.96e-05
                     50,                0.38481,                0.51037,                0.40545,                 0.7841,                0.98291,                0.98847,                0.99318,                0.93306,                0.98217,                0.98775,                0.99286,                0.71309,                0.35214,                0.48599,                0.37862,                0.78016,               2.98e-05,               2.98e-05,               2.98e-05
